<?xml version="1.0" encoding="UTF-8"?>
<!DOCTYPE hibernate-configuration PUBLIC
       "-//Hibernate/Hibernate Configuration DTD 3.0//EN"
       "https://hibernate.org/dtd/hibernate-configuration-3.0.dtd">
<hibernate-configuration>
   <session-factory>
          <property name="hibernate.connection.driver_class">  com.mysql.cj.jdbc.Driver      </property>
       <property name="hibernate.connection.url">
           jdbc:mysql://localhost:3307/accesoDatosDAM?useSSL=false&amp;serverTimezone=UTC
       </property>
       <property name="hibernate.connection.username">usuario2</property>
       <property name="hibernate.connection.password">usuario</property>
       <!-- Dialect -->
       <property name="hibernate.dialect">  org.hibernate.dialect.MySQLDialect       </property>
       <property name="hibernate.hbm2ddl.auto">update</property>
       <property name="hibernate.show_sql">true</property>
       <property name="hibernate.format_sql">true</property>
       <!-- Entidades -->
       <mapping class="Modelo.Usuario"/>
       <mapping class="Modelo.Moto"/>
       <mapping class="Modelo.Evento"/>
       <mapping class="Modelo.Taller"/>
       <mapping class="Modelo.Transferencia"/>
       <mapping class="Modelo.Ruta"/>
   </session-factory>
</hibernate-configuration>